{"cameraMode":{"drawMode":0,"name":"Shaded","section":"Shading Mode"},"sceneLighting":false,"audioPlay":false,"sceneViewState":{"m_AlwaysRefresh":false,"showFog":true,"showSkybox":true,"showFlares":true,"showImageEffects":true,"showParticleSystems":true,"showVisualEffectGraphs":true,"m_FxEnabled":true},"in2DMode":false,"pivot":{"x":521.1014404296875,"y":201.31442260742188,"z":-25.36707305908203},"rotation":{"x":-0.07591670006513596,"y":0.14514869451522828,"z":-0.011170795187354088,"w":-0.9864305257797241},"size":139.47000122070313,"orthographic":false}