{"cameraMode":{"drawMode":0,"name":"Shaded","section":"Shading Mode"},"sceneLighting":false,"audioPlay":false,"sceneViewState":{"showFog":true,"showMaterialUpdate":false,"showSkybox":true,"showFlares":true,"showImageEffects":true,"showParticleSystems":true},"in2DMode":false,"pivot":{"x":-105.95262908935547,"y":-40.086185455322269,"z":-305.400146484375},"rotation":{"x":-0.010961413383483887,"y":0.9834532737731934,"z":-0.06231941655278206,"w":-0.17040741443634034},"size":164.25787353515626,"orthographic":false}